-- phpMyAdmin SQL Dump
-- version 4.5.1
-- http://www.phpmyadmin.net
--
-- Host: 127.0.0.1
-- Generation Time: Nov 06, 2019 at 07:24 AM
-- Server version: 10.1.19-MariaDB
-- PHP Version: 7.0.13

SET SQL_MODE = "NO_AUTO_VALUE_ON_ZERO";
SET time_zone = "+00:00";


/*!40101 SET @OLD_CHARACTER_SET_CLIENT=@@CHARACTER_SET_CLIENT */;
/*!40101 SET @OLD_CHARACTER_SET_RESULTS=@@CHARACTER_SET_RESULTS */;
/*!40101 SET @OLD_COLLATION_CONNECTION=@@COLLATION_CONNECTION */;
/*!40101 SET NAMES utf8mb4 */;

--
-- Database: `seatstock`
--

-- --------------------------------------------------------

--
-- Table structure for table `a47`
--

CREATE TABLE `a47` (
  `t_id` int(10) UNSIGNED NOT NULL,
  `e_id` int(11) NOT NULL,
  `user_id` int(11) NOT NULL
) ENGINE=InnoDB DEFAULT CHARSET=latin1;

--
-- Dumping data for table `a47`
--

INSERT INTO `a47` (`t_id`, `e_id`, `user_id`) VALUES
(1, 47, 1),
(2, 47, 1),
(3, 47, 1),
(4, 47, 24),
(5, 47, 24),
(6, 47, 24),
(7, 47, 24),
(8, 47, 24),
(9, 47, 24),
(10, 47, 30),
(11, 47, 34),
(12, 47, 38),
(13, 47, 0),
(14, 47, 36),
(15, 47, 0),
(16, 47, 0),
(17, 47, 29),
(18, 47, 0),
(19, 47, 35),
(20, 47, 0),
(21, 47, 0),
(22, 47, 0),
(23, 47, 0),
(24, 47, 0),
(25, 47, 0),
(26, 47, 0),
(27, 47, 0),
(28, 47, 0),
(29, 47, 0),
(30, 47, 0),
(31, 47, 0),
(32, 47, 0),
(33, 47, 0),
(34, 47, 0),
(35, 47, 0),
(36, 47, 0),
(37, 47, 0),
(38, 47, 0),
(39, 47, 0),
(40, 47, 0),
(41, 47, 0),
(42, 47, 0),
(43, 47, 0),
(44, 47, 0),
(45, 47, 0),
(46, 47, 0),
(47, 47, 0),
(48, 47, 0),
(49, 47, 0),
(50, 47, 0);

-- --------------------------------------------------------

--
-- Table structure for table `a48`
--

CREATE TABLE `a48` (
  `t_id` int(10) UNSIGNED NOT NULL,
  `e_id` int(11) NOT NULL,
  `user_id` int(11) NOT NULL
) ENGINE=InnoDB DEFAULT CHARSET=latin1;

--
-- Dumping data for table `a48`
--

INSERT INTO `a48` (`t_id`, `e_id`, `user_id`) VALUES
(1, 48, 1),
(2, 48, 1),
(3, 48, 1),
(4, 48, 24),
(5, 48, 24),
(6, 48, 24),
(7, 48, 24),
(8, 48, 35),
(9, 48, 37),
(10, 48, 0),
(11, 48, 0),
(12, 48, 0),
(13, 48, 0),
(14, 48, 0),
(15, 48, 0),
(16, 48, 0),
(17, 48, 0),
(18, 48, 0),
(19, 48, 0),
(20, 48, 0),
(21, 48, 0),
(22, 48, 0),
(23, 48, 0),
(24, 48, 0),
(25, 48, 0),
(26, 48, 0),
(27, 48, 0),
(28, 48, 0),
(29, 48, 0),
(30, 48, 0),
(31, 48, 0),
(32, 48, 0),
(33, 48, 0),
(34, 48, 0),
(35, 48, 0),
(36, 48, 0),
(37, 48, 0),
(38, 48, 0),
(39, 48, 0),
(40, 48, 0),
(41, 48, 0),
(42, 48, 0),
(43, 48, 0),
(44, 48, 0),
(45, 48, 0),
(46, 48, 0),
(47, 48, 0),
(48, 48, 0),
(49, 48, 0),
(50, 48, 0);

-- --------------------------------------------------------

--
-- Table structure for table `a49`
--

CREATE TABLE `a49` (
  `t_id` int(10) UNSIGNED NOT NULL,
  `e_id` int(11) NOT NULL,
  `user_id` int(11) NOT NULL
) ENGINE=InnoDB DEFAULT CHARSET=latin1;

--
-- Dumping data for table `a49`
--

INSERT INTO `a49` (`t_id`, `e_id`, `user_id`) VALUES
(1, 49, 0),
(2, 49, 0),
(3, 49, 0),
(4, 49, 0),
(5, 49, 0),
(6, 49, 0),
(7, 49, 0),
(8, 49, 0),
(9, 49, 0),
(10, 49, 0),
(11, 49, 0),
(12, 49, 0),
(13, 49, 0),
(14, 49, 0),
(15, 49, 0),
(16, 49, 0),
(17, 49, 0),
(18, 49, 0),
(19, 49, 0),
(20, 49, 0),
(21, 49, 0),
(22, 49, 0),
(23, 49, 0),
(24, 49, 0),
(25, 49, 0),
(26, 49, 0),
(27, 49, 0),
(28, 49, 0),
(29, 49, 0),
(30, 49, 0),
(31, 49, 0),
(32, 49, 0),
(33, 49, 0),
(34, 49, 0),
(35, 49, 0),
(36, 49, 0),
(37, 49, 0),
(38, 49, 0),
(39, 49, 0),
(40, 49, 0),
(41, 49, 0),
(42, 49, 0),
(43, 49, 0),
(44, 49, 0),
(45, 49, 0),
(46, 49, 0),
(47, 49, 0),
(48, 49, 0),
(49, 49, 0),
(50, 49, 0),
(51, 49, 0),
(52, 49, 0),
(53, 49, 0),
(54, 49, 0),
(55, 49, 0),
(56, 49, 0),
(57, 49, 0),
(58, 49, 0),
(59, 49, 0),
(60, 49, 0),
(61, 49, 0),
(62, 49, 0),
(63, 49, 0),
(64, 49, 0),
(65, 49, 0),
(66, 49, 0),
(67, 49, 0),
(68, 49, 0),
(69, 49, 0),
(70, 49, 0),
(71, 49, 0),
(72, 49, 0),
(73, 49, 0),
(74, 49, 0),
(75, 49, 0),
(76, 49, 0),
(77, 49, 0),
(78, 49, 0),
(79, 49, 0),
(80, 49, 0),
(81, 49, 0),
(82, 49, 0),
(83, 49, 0),
(84, 49, 0),
(85, 49, 0),
(86, 49, 0),
(87, 49, 0),
(88, 49, 0),
(89, 49, 0),
(90, 49, 0),
(91, 49, 0),
(92, 49, 0),
(93, 49, 0),
(94, 49, 0),
(95, 49, 0),
(96, 49, 0),
(97, 49, 0),
(98, 49, 0),
(99, 49, 0),
(100, 49, 0),
(101, 49, 0),
(102, 49, 0),
(103, 49, 0),
(104, 49, 0),
(105, 49, 0),
(106, 49, 0),
(107, 49, 0),
(108, 49, 0),
(109, 49, 0),
(110, 49, 0),
(111, 49, 0),
(112, 49, 0),
(113, 49, 0),
(114, 49, 0),
(115, 49, 0),
(116, 49, 0),
(117, 49, 0),
(118, 49, 0),
(119, 49, 0),
(120, 49, 0),
(121, 49, 0),
(122, 49, 0),
(123, 49, 0),
(124, 49, 0),
(125, 49, 0),
(126, 49, 0),
(127, 49, 0),
(128, 49, 0),
(129, 49, 0),
(130, 49, 0),
(131, 49, 0),
(132, 49, 0),
(133, 49, 0),
(134, 49, 0),
(135, 49, 0),
(136, 49, 0),
(137, 49, 0),
(138, 49, 0),
(139, 49, 0),
(140, 49, 0),
(141, 49, 0),
(142, 49, 0),
(143, 49, 0),
(144, 49, 0),
(145, 49, 0),
(146, 49, 0),
(147, 49, 0),
(148, 49, 0),
(149, 49, 0),
(150, 49, 0),
(151, 49, 0),
(152, 49, 0),
(153, 49, 0),
(154, 49, 0),
(155, 49, 0),
(156, 49, 0),
(157, 49, 0),
(158, 49, 0),
(159, 49, 0),
(160, 49, 0),
(161, 49, 0),
(162, 49, 0),
(163, 49, 0),
(164, 49, 0),
(165, 49, 0),
(166, 49, 0),
(167, 49, 0),
(168, 49, 0),
(169, 49, 0),
(170, 49, 0),
(171, 49, 0),
(172, 49, 0),
(173, 49, 0),
(174, 49, 0),
(175, 49, 0),
(176, 49, 0),
(177, 49, 0),
(178, 49, 0),
(179, 49, 0),
(180, 49, 0),
(181, 49, 0),
(182, 49, 0),
(183, 49, 0),
(184, 49, 0),
(185, 49, 0),
(186, 49, 0),
(187, 49, 0),
(188, 49, 0),
(189, 49, 0),
(190, 49, 0),
(191, 49, 0),
(192, 49, 0),
(193, 49, 0),
(194, 49, 0),
(195, 49, 0),
(196, 49, 0),
(197, 49, 0),
(198, 49, 0),
(199, 49, 0),
(200, 49, 0),
(201, 49, 0),
(202, 49, 0),
(203, 49, 0),
(204, 49, 0),
(205, 49, 0),
(206, 49, 0),
(207, 49, 0),
(208, 49, 0),
(209, 49, 0),
(210, 49, 0),
(211, 49, 0),
(212, 49, 0),
(213, 49, 0),
(214, 49, 0),
(215, 49, 0),
(216, 49, 0),
(217, 49, 0),
(218, 49, 0),
(219, 49, 0),
(220, 49, 0),
(221, 49, 0),
(222, 49, 0),
(223, 49, 0),
(224, 49, 0),
(225, 49, 0),
(226, 49, 0),
(227, 49, 0),
(228, 49, 0),
(229, 49, 0),
(230, 49, 0),
(231, 49, 0),
(232, 49, 0),
(233, 49, 0),
(234, 49, 0),
(235, 49, 0),
(236, 49, 0),
(237, 49, 0),
(238, 49, 0),
(239, 49, 0),
(240, 49, 0),
(241, 49, 0),
(242, 49, 0),
(243, 49, 0),
(244, 49, 0),
(245, 49, 0),
(246, 49, 0),
(247, 49, 0),
(248, 49, 0),
(249, 49, 0),
(250, 49, 0),
(251, 49, 0),
(252, 49, 0),
(253, 49, 0),
(254, 49, 0),
(255, 49, 0),
(256, 49, 0),
(257, 49, 0),
(258, 49, 0),
(259, 49, 0),
(260, 49, 0),
(261, 49, 0),
(262, 49, 0),
(263, 49, 0),
(264, 49, 0),
(265, 49, 0),
(266, 49, 0),
(267, 49, 0),
(268, 49, 0),
(269, 49, 0),
(270, 49, 0),
(271, 49, 0),
(272, 49, 0),
(273, 49, 0),
(274, 49, 0),
(275, 49, 0),
(276, 49, 0),
(277, 49, 0),
(278, 49, 0),
(279, 49, 0),
(280, 49, 0),
(281, 49, 0),
(282, 49, 0),
(283, 49, 0),
(284, 49, 0),
(285, 49, 0),
(286, 49, 0),
(287, 49, 0),
(288, 49, 0),
(289, 49, 0),
(290, 49, 0),
(291, 49, 0),
(292, 49, 0),
(293, 49, 0),
(294, 49, 0),
(295, 49, 0),
(296, 49, 0),
(297, 49, 0),
(298, 49, 0),
(299, 49, 0),
(300, 49, 0),
(301, 49, 0),
(302, 49, 0),
(303, 49, 0),
(304, 49, 0),
(305, 49, 0),
(306, 49, 0),
(307, 49, 0),
(308, 49, 0),
(309, 49, 0),
(310, 49, 0),
(311, 49, 0),
(312, 49, 0),
(313, 49, 0),
(314, 49, 0),
(315, 49, 0),
(316, 49, 0),
(317, 49, 0),
(318, 49, 0),
(319, 49, 0),
(320, 49, 0),
(321, 49, 0),
(322, 49, 0),
(323, 49, 0),
(324, 49, 0),
(325, 49, 0),
(326, 49, 0),
(327, 49, 0),
(328, 49, 0),
(329, 49, 0),
(330, 49, 0),
(331, 49, 0),
(332, 49, 0),
(333, 49, 0),
(334, 49, 0),
(335, 49, 0),
(336, 49, 0),
(337, 49, 0),
(338, 49, 0),
(339, 49, 0),
(340, 49, 0),
(341, 49, 0),
(342, 49, 0),
(343, 49, 0),
(344, 49, 0),
(345, 49, 0),
(346, 49, 0),
(347, 49, 0),
(348, 49, 0),
(349, 49, 0),
(350, 49, 0),
(351, 49, 0),
(352, 49, 0),
(353, 49, 0),
(354, 49, 0),
(355, 49, 0),
(356, 49, 0),
(357, 49, 0),
(358, 49, 0),
(359, 49, 0),
(360, 49, 0),
(361, 49, 0),
(362, 49, 0),
(363, 49, 0),
(364, 49, 0),
(365, 49, 0),
(366, 49, 0),
(367, 49, 0),
(368, 49, 0),
(369, 49, 0),
(370, 49, 0),
(371, 49, 0),
(372, 49, 0),
(373, 49, 0),
(374, 49, 0),
(375, 49, 0),
(376, 49, 0),
(377, 49, 0),
(378, 49, 0),
(379, 49, 0),
(380, 49, 0),
(381, 49, 0),
(382, 49, 0),
(383, 49, 0),
(384, 49, 0),
(385, 49, 0),
(386, 49, 0),
(387, 49, 0),
(388, 49, 0),
(389, 49, 0),
(390, 49, 0),
(391, 49, 0),
(392, 49, 0),
(393, 49, 0),
(394, 49, 0),
(395, 49, 0),
(396, 49, 0),
(397, 49, 0),
(398, 49, 0),
(399, 49, 0),
(400, 49, 0),
(401, 49, 0),
(402, 49, 0),
(403, 49, 0),
(404, 49, 0),
(405, 49, 0),
(406, 49, 0),
(407, 49, 0),
(408, 49, 0),
(409, 49, 0),
(410, 49, 0),
(411, 49, 0),
(412, 49, 0),
(413, 49, 0),
(414, 49, 0),
(415, 49, 0),
(416, 49, 0),
(417, 49, 0),
(418, 49, 0),
(419, 49, 0),
(420, 49, 0),
(421, 49, 0),
(422, 49, 0),
(423, 49, 0),
(424, 49, 0),
(425, 49, 0),
(426, 49, 0),
(427, 49, 0),
(428, 49, 0),
(429, 49, 0),
(430, 49, 0),
(431, 49, 0),
(432, 49, 0),
(433, 49, 0),
(434, 49, 0),
(435, 49, 0),
(436, 49, 0),
(437, 49, 0),
(438, 49, 0),
(439, 49, 0),
(440, 49, 0),
(441, 49, 0),
(442, 49, 0),
(443, 49, 0),
(444, 49, 0),
(445, 49, 0),
(446, 49, 0),
(447, 49, 0),
(448, 49, 0),
(449, 49, 0),
(450, 49, 0),
(451, 49, 0),
(452, 49, 0),
(453, 49, 0),
(454, 49, 0),
(455, 49, 0),
(456, 49, 0),
(457, 49, 0),
(458, 49, 0),
(459, 49, 0),
(460, 49, 0),
(461, 49, 0),
(462, 49, 0),
(463, 49, 0),
(464, 49, 0),
(465, 49, 0),
(466, 49, 0),
(467, 49, 0),
(468, 49, 0),
(469, 49, 0),
(470, 49, 0),
(471, 49, 0),
(472, 49, 0),
(473, 49, 0),
(474, 49, 0),
(475, 49, 0),
(476, 49, 0),
(477, 49, 0),
(478, 49, 0),
(479, 49, 0),
(480, 49, 0),
(481, 49, 0),
(482, 49, 0),
(483, 49, 0),
(484, 49, 0),
(485, 49, 0),
(486, 49, 0),
(487, 49, 0),
(488, 49, 0),
(489, 49, 0),
(490, 49, 0),
(491, 49, 0),
(492, 49, 0),
(493, 49, 0),
(494, 49, 0),
(495, 49, 0),
(496, 49, 0),
(497, 49, 0),
(498, 49, 0),
(499, 49, 0),
(500, 49, 0);

-- --------------------------------------------------------

--
-- Table structure for table `events`
--

CREATE TABLE `events` (
  `e_id` int(11) NOT NULL,
  `e_user_id` int(11) NOT NULL,
  `e_title` varchar(255) NOT NULL,
  `e_type` varchar(1) NOT NULL,
  `e_no_seat` int(11) NOT NULL,
  `e_disc` text NOT NULL,
  `e_img` text NOT NULL,
  `e_tprice` int(11) NOT NULL,
  `e_date` date NOT NULL
) ENGINE=InnoDB DEFAULT CHARSET=latin1;

--
-- Dumping data for table `events`
--

INSERT INTO `events` (`e_id`, `e_user_id`, `e_title`, `e_type`, `e_no_seat`, `e_disc`, `e_img`, `e_tprice`, `e_date`) VALUES
(47, 1, 'Green Flames', 'E', 50, 'ygduyg udyf iydfuywvedkhvwekhdv akv dyvkdhgvawhdvhwsgvd agv kfdgveyftvauvdku wyav duvavsah gvfy tsvf wav fkjhsbfjhvs fvs uff\r\nv dugwvad ugvwudvwu fv uwyvduwtfduyvduhwv ufwf\r\nwiywv udyvaygduyg udyf iydfuywvedkhvwekhdv akv dyvkdhgvawhdvhwsgvd agv kfdgveyftvauvdku wyav duvavsah gvfy tsvf wav fkjhsbfjhvs fvs uff\r\nv dugwvad ugvwudvwu fv uwyvduwtfduyvduhwv ufwf\r\nwiywv udyvaygduyg udyf iydfuywvedkhvwekhdv akv dyvkdhgvawhdvhwsgvd agv kfdgveyftvauvdku wyav duvavsah gvfy tsvf wav fkjhsbfjhvs fvs uff\r\nv dugwvad ugvwudvwu fv uwyvduwtfduyvduhwv ufwf\r\nwiywv udyvaygduyg udyf iydfuywvedkhvwekhdv akv dyvkdhgvawhdvhwsgvd agv kfdgveyftvauvdku wyav duvavsah gvfy tsvf wav fkjhsbfjhvs fvs uff\r\nv dugwvad ugvwudvwu fv uwyvduwtfduyvduhwv ufwf\r\nwiywv udyvaygduyg udyf iydfuywvedkhvwekhdv akv dyvkdhgvawhdvhwsgvd agv kfdgveyftvauvdku wyav duvavsah gvfy tsvf wav fkjhsbfjhvs fvs uff\r\nv dugwvad ugvwudvwu fv uwyvduwtfduyvduhwv ufwf\r\nwiywv udyvaygduyg udyf iydfuywvedkhvwekhdv akv dyvkdhgvawhdvhwsgvd agv kfdgveyftvauvdku wyav duvavsah gvfy tsvf wav fkjhsbfjhvs fvs uff\r\nv dugwvad ugvwudvwu fv uwyvduwtfduyvduhwv ufwf\r\nwiywv udyvaygduyg udyf iydfuywvedkhvwekhdv akv dyvkdhgvawhdvhwsgvd agv kfdgveyftvauvdku wyav duvavsah gvfy tsvf wav fkjhsbfjhvs fvs uff\r\nv dugwvad ugvwudvwu fv uwyvduwtfduyvduhwv ufwf\r\nwiywv udyvaygduyg udyf iydfuywvedkhvwekhdv akv dyvkdhgvawhdvhwsgvd agv kfdgveyftvauvdku wyav duvavsah gvfy tsvf wav fkjhsbfjhvs fvs uff\r\nv dugwvad ugvwudvwu fv uwyvduwtfduyvduhwv ufwf\r\nwiywv udyva', 'android.jpg', 5000, '2019-12-23'),
(48, 1, 'NSBM TO KANDY', 'T', 50, 'lknknif oihoioihoihef oihofoib oiehfoiwlknaoinh ofihao finoanfco io icvhoivhoievo ieho vihed ovheodivhoinovisbco vidvo idvo ihvhoidhvo ihvoieh ovierokfcneorfieo ruhf oev\r\nfih oeuafh iohf lishaofuhawoifh owiaf\r\nf 9au oih foihefoiuahofihao ifh orhf orhefeporh peor\r\npeirhf pef\r\npgoerh iho sihorihwoihoihgo rihgo rihlknknif oihoioihoihef oihofoib oiehfoiwlknaoinh ofihao finoanfco io icvhoivhoievo ieho vihed ovheodivhoinovisbco vidvo idvo ihvhoidhvo ihvoieh ovierokfcneorfieo ruhf oev\r\nfih oeuafh iohf lishaofuhawoifh owiaf\r\nf 9au oih foihefoiuahofihao ifh orhf orhefeporh peor\r\npeirhf pef\r\npgoerh iho sihorihwoihoihgo rihgo rihlknknif oihoioihoihef oihofoib oiehfoiwlknaoinh ofihao finoanfco io icvhoivhoievo ieho vihed ovheodivhoinovisbco vidvo idvo ihvhoidhvo ihvoieh ovierokfcneorfieo ruhf oev\r\nfih oeuafh iohf lishaofuhawoifh owiaf\r\nf 9au oih foihefoiuahofihao ifh orhf orhefeporh peor\r\npeirhf pef\r\npgoerh iho sihorihwoihoihgo rihgo rihlknknif oihoioihoihef oihofoib oiehfoiwlknaoinh ofihao finoanfco io icvhoivhoievo ieho vihed ovheodivhoinovisbco vidvo idvo ihvhoidhvo ihvoieh ovierokfcneorfieo ruhf oev\r\nfih oeuafh iohf lishaofuhawoifh owiaf\r\nf 9au oih foihefoiuahofihao ifh orhf orhefeporh peor\r\npeirhf pef\r\npgoerh iho sihorihwoihoihgo rihgo rihlknknif oihoioihoihef oihofoib oiehfoiwlknaoinh ofihao finoanfco io icvhoivhoievo ieho vihed ovheodivhoinovisbco vidvo idvo ihvhoidhvo ihvoieh ovierokfcneorfieo ruhf oev\r\nfih oeuafh iohf lishaofuhawoifh owiaf\r\nf 9au oih foihefoiuahofihao ifh orhf orhefeporh peor\r\npeirhf pef\r\npgoerh iho sihorihwoihoihgo rihgo rih', 'javascriptCourse.jpg', 500, '2019-11-08'),
(49, 24, 'Green Flames', 'E', 500, 'ougileug fliugwa liufgaf liugfiluagiflgfliugailufg  ilufgiluagf iugailfugli fug aiufg iugf iluagfliuga ifuaf', 'javaCourse.jpg', 1500, '2019-11-28');

-- --------------------------------------------------------

--
-- Table structure for table `guest`
--

CREATE TABLE `guest` (
  `guser_id` int(11) NOT NULL,
  `guser_fname` varchar(255) NOT NULL,
  `guser_lname` varchar(255) NOT NULL,
  `guser_gender` varchar(1) NOT NULL,
  `guser_tp` int(10) NOT NULL
) ENGINE=InnoDB DEFAULT CHARSET=latin1;

--
-- Dumping data for table `guest`
--

INSERT INTO `guest` (`guser_id`, `guser_fname`, `guser_lname`, `guser_gender`, `guser_tp`) VALUES
(30, 'kavindya', 'thathsarani', 'F', 777199199),
(31, 'kasun', 'wickramasooriya', 'M', 777199199),
(32, 'sanjana', 'sulakshana', 'M', 777199177),
(33, 'manujagh', 'weerabandara', 'M', 771565156),
(35, 'manujagh', 'weerabandara', 'M', 771565156),
(36, 'manuja', 'mal', 'M', 777199199);

-- --------------------------------------------------------

--
-- Table structure for table `party`
--

CREATE TABLE `party` (
  `t_id` int(10) UNSIGNED NOT NULL,
  `e_id` int(11) NOT NULL,
  `user_id` int(11) NOT NULL
) ENGINE=InnoDB DEFAULT CHARSET=latin1;

--
-- Dumping data for table `party`
--

INSERT INTO `party` (`t_id`, `e_id`, `user_id`) VALUES
(1, 28, 0),
(2, 28, 0),
(3, 28, 0),
(4, 28, 0),
(5, 28, 0),
(6, 28, 0),
(7, 28, 0),
(8, 28, 0),
(9, 28, 0),
(10, 28, 0);

-- --------------------------------------------------------

--
-- Table structure for table `users`
--

CREATE TABLE `users` (
  `user_id` int(11) NOT NULL,
  `user_name` varchar(255) NOT NULL,
  `user_password` varchar(255) NOT NULL,
  `user_fname` varchar(255) NOT NULL,
  `user_lname` varchar(255) NOT NULL,
  `user_email` varchar(255) NOT NULL,
  `user_gender` varchar(1) NOT NULL,
  `user_tp` int(10) NOT NULL,
  `user_role` varchar(1) NOT NULL,
  `trn_date` datetime NOT NULL
) ENGINE=InnoDB DEFAULT CHARSET=latin1;

--
-- Dumping data for table `users`
--

INSERT INTO `users` (`user_id`, `user_name`, `user_password`, `user_fname`, `user_lname`, `user_email`, `user_gender`, `user_tp`, `user_role`, `trn_date`) VALUES
(1, 'ss1223', 'bcf5f52f2b42e85f9d9da9dd3b569927', 'SANJANA', 'WITHARANAGE', 'sanjanasulakshanawitharanage@gmail.com', 'M', 771991223, 'A', '2019-10-30 07:47:54'),
(24, 'm123', '1e2a796539042ca860c3091662aa4346', 'manuja', 'mallikarachchi', 'manuja@gmail.com', 'M', 0, 'A', '2019-10-30 08:11:56'),
(26, 'r123', '1dc90e80c77fe245a82ea7ed30d1f849', 'roshan', 'dias', 'r@gmail.com', 'M', 713695778, 'C', '2019-10-31 08:50:35');

--
-- Indexes for dumped tables
--

--
-- Indexes for table `a47`
--
ALTER TABLE `a47`
  ADD PRIMARY KEY (`t_id`);

--
-- Indexes for table `a48`
--
ALTER TABLE `a48`
  ADD PRIMARY KEY (`t_id`);

--
-- Indexes for table `a49`
--
ALTER TABLE `a49`
  ADD PRIMARY KEY (`t_id`);

--
-- Indexes for table `events`
--
ALTER TABLE `events`
  ADD PRIMARY KEY (`e_id`);

--
-- Indexes for table `guest`
--
ALTER TABLE `guest`
  ADD PRIMARY KEY (`guser_id`);

--
-- Indexes for table `party`
--
ALTER TABLE `party`
  ADD PRIMARY KEY (`t_id`);

--
-- Indexes for table `users`
--
ALTER TABLE `users`
  ADD PRIMARY KEY (`user_id`);

--
-- AUTO_INCREMENT for dumped tables
--

--
-- AUTO_INCREMENT for table `a47`
--
ALTER TABLE `a47`
  MODIFY `t_id` int(10) UNSIGNED NOT NULL AUTO_INCREMENT, AUTO_INCREMENT=51;
--
-- AUTO_INCREMENT for table `a48`
--
ALTER TABLE `a48`
  MODIFY `t_id` int(10) UNSIGNED NOT NULL AUTO_INCREMENT, AUTO_INCREMENT=51;
--
-- AUTO_INCREMENT for table `a49`
--
ALTER TABLE `a49`
  MODIFY `t_id` int(10) UNSIGNED NOT NULL AUTO_INCREMENT, AUTO_INCREMENT=501;
--
-- AUTO_INCREMENT for table `events`
--
ALTER TABLE `events`
  MODIFY `e_id` int(11) NOT NULL AUTO_INCREMENT, AUTO_INCREMENT=50;
--
-- AUTO_INCREMENT for table `guest`
--
ALTER TABLE `guest`
  MODIFY `guser_id` int(11) NOT NULL AUTO_INCREMENT, AUTO_INCREMENT=39;
--
-- AUTO_INCREMENT for table `party`
--
ALTER TABLE `party`
  MODIFY `t_id` int(10) UNSIGNED NOT NULL AUTO_INCREMENT, AUTO_INCREMENT=11;
--
-- AUTO_INCREMENT for table `users`
--
ALTER TABLE `users`
  MODIFY `user_id` int(11) NOT NULL AUTO_INCREMENT, AUTO_INCREMENT=27;
/*!40101 SET CHARACTER_SET_CLIENT=@OLD_CHARACTER_SET_CLIENT */;
/*!40101 SET CHARACTER_SET_RESULTS=@OLD_CHARACTER_SET_RESULTS */;
/*!40101 SET COLLATION_CONNECTION=@OLD_COLLATION_CONNECTION */;
